Workbook

Sheet eci_admgz_adm0
A1: ADM0_ES | B1: ADM0_PCODE
A2: Ecuador | B2: EC

Sheet eci_admgz_adm1
A1: DPA_PROVIN | B1: DPA_DESPRO | C1: ADM1_ES | D1: ADM1_PCODE | E1: ADM0_ES | F1: ADM0_PCODE
A2: 01 | B2: AZUAY | C2: =SUBSTITUTE(SUBSTITUTE(SUBSTITUTE(SUBSTITUTE(SUBSTITUTE(SUBSTITUTE(PROPER($B2)," De "," de ")," La "," la ")," Del "," del ")," Los "," los ")," Y "," y "),"En","en") -> Azuay | D2: ="EC"&A2 -> EC01 | E2: Ecuador | F2: EC
A3: 02 | B3: BOLÍVAR | C3: =SUBSTITUTE(SUBSTITUTE(SUBSTITUTE(SUBSTITUTE(SUBSTITUTE(SUBSTITUTE(PROPER($B3)," De "," de ")," La "," la ")," Del "," del ")," Los "," los ")," Y "," y "),"En","en") -> Bolívar | D3: ="EC"&A3 -> EC02 | E3: Ecuador | F3: EC
A4: 03 | B4: CAÑAR | C4: =SUBSTITUTE(SUBSTITUTE(SUBSTITUTE(SUBSTITUTE(SUBSTITUTE(SUBSTITUTE(PROPER($B4)," De "," de ")," La "," la ")," Del "," del ")," Los "," los ")," Y "," y "),"En","en") -> Cañar | D4: ="EC"&A4 -> EC03 | E4: Ecuador | F4: EC
A5: 04 | B5: CARCHI | C5: =SUBSTITUTE(SUBSTITUTE(SUBSTITUTE(SUBSTITUTE(SUBSTITUTE(SUBSTITUTE(PROPER($B5)," De "," de ")," La "," la ")," Del "," del ")," Los "," los ")," Y "," y "),"En","en") -> Carchi | D5: ="EC"&A5 -> EC04 | E5: Ecuador | F5: EC
A6: 05 | B6: COTOPAXI | C6: =SUBSTITUTE(SUBSTITUTE(SUBSTITUTE(SUBSTITUTE(SUBSTITUTE(SUBSTITUTE(PROPER($B6)," De "," de ")," La "," la ")," Del "," del ")," Los "," los ")," Y "," y "),"En","en") -> Cotopaxi | D6: ="EC"&A6 -> EC05 | E6: Ecuador | F6: EC
A7: 06 | B7: CHIMBORAZO | C7: =SUBSTITUTE(SUBSTITUTE(SUBSTITUTE(SUBSTITUTE(SUBSTITUTE(SUBSTITUTE(PROPER($B7)," De "," de ")," La "," la ")," Del "," del ")," Los "," los ")," Y "," y "),"En","en") -> Chimborazo | D7: ="EC"&A7 -> EC06 | E7: Ecuador | F7: EC
A8: 07 | B8: EL ORO | C8: =SUBSTITUTE(SUBSTITUTE(SUBSTITUTE(SUBSTITUTE(SUBSTITUTE(SUBSTITUTE(PROPER($B8)," De "," de ")," La "," la ")," Del "," del ")," Los "," los ")," Y "," y "),"En","en") -> El Oro | D8: ="EC"&A8 -> EC07 | E8: Ecuador | F8: EC
A9: 08 | B9: ESMERALDAS | C9: =SUBSTITUTE(SUBSTITUTE(SUBSTITUTE(SUBSTITUTE(SUBSTITUTE(SUBSTITUTE(PROPER($B9)," De "," de ")," La "," la ")," Del "," del ")," Los "," los ")," Y "," y "),"En","en") -> Esmeraldas | D9: ="EC"&A9 -> EC08 | E9: Ecuador | F9: EC
A10: 09 | B10: GUAYAS | C10: =SUBSTITUTE(SUBSTITUTE(SUBSTITUTE(SUBSTITUTE(SUBSTITUTE(SUBSTITUTE(PROPER($B10)," De "," de ")," La "," la ")," Del "," del ")," Los "," los ")," Y "," y "),"En","en") -> Guayas | D10: ="EC"&A10 -> EC09 | E10: Ecuador | F10: EC
A11: 10 | B11: IMBABURA | C11: =SUBSTITUTE(SUBSTITUTE(SUBSTITUTE(SUBSTITUTE(SUBSTITUTE(SUBSTITUTE(PROPER($B11)," De "," de ")," La "," la ")," Del "," del ")," Los "," los ")," Y "," y "),"En","en") -> Imbabura | D11: ="EC"&A11 -> EC10 | E11: Ecuador | F11: EC
A12: 11 | B12: LOJA | C12: =SUBSTITUTE(SUBSTITUTE(SUBSTITUTE(SUBSTITUTE(SUBSTITUTE(SUBSTITUTE(PROPER($B12)," De "," de ")," La "," la ")," Del "," del ")," Los "," los ")," Y "," y "),"En","en") -> Loja | D12: ="EC"&A12 -> EC11 | E12: Ecuador | F12: EC
A13: 12 | B13: LOS RÍOS | C13: =SUBSTITUTE(SUBSTITUTE(SUBSTITUTE(SUBSTITUTE(SUBSTITUTE(SUBSTITUTE(PROPER($B13)," De "," de ")," La "," la ")," Del "," del ")," Los "," los ")," Y "," y "),"En","en") -> Los Ríos | D13: ="EC"&A13 -> EC12 | E13: Ecuador | F13: EC
... A27: NO APLICA | B27: NO APLICA | C27: =SUBSTITUTE(SUBSTITUTE(SUBSTITUTE(SUBSTITUTE(SUBSTITUTE(SUBSTITUTE(PROPER($B27)," De "," de ")," La "," la ")," Del "," del ")," Los "," los ")," Y "," y "),"En","en") -> No Aplica | D27: ="EC"&A27 -> ECNO APLICA | E27: Ecuador | F27: EC

Sheet ecu_admgz_adm2
A1: DPA_CANTON | B1: DPA_DESCAN | C1: ADM2_ES | D1: ADM2_PCODE | E1: ADM1_ES | F1: ADM1_PCODE | G1: ADM0_ES | H1: ADM0_PCODE
A2: 0101 | B2: CUENCA | C2: =SUBSTITUTE(SUBSTITUTE(SUBSTITUTE(SUBSTITUTE(SUBSTITUTE(SUBSTITUTE(PROPER($B2)," De "," de ")," La "," la ")," Del "," del ")," Los "," los ")," Y "," y "),"En","en") -> Cuenca | D2: ="EC"&A2 -> EC0101 | E2: Azuay | F2: EC01 | G2: Ecuador | H2: EC
A3: 0102 | B3: GIRÓN | C3: =SUBSTITUTE(SUBSTITUTE(SUBSTITUTE(SUBSTITUTE(SUBSTITUTE(SUBSTITUTE(PROPER($B3)," De "," de ")," La "," la ")," Del "," del ")," Los "," los ")," Y "," y "),"En","en") -> Girón | D3: ="EC"&A3 -> EC0102 | E3: Azuay | F3: EC01 | G3: Ecuador | H3: EC
A4: 0103 | B4: GUALACEO | C4: =SUBSTITUTE(SUBSTITUTE(SUBSTITUTE(SUBSTITUTE(SUBSTITUTE(SUBSTITUTE(PROPER($B4)," De "," de ")," La "," la ")," Del "," del ")," Los "," los ")," Y "," y "),"En","en") -> Gualaceo | D4: ="EC"&A4 -> EC0103 | E4: Azuay | F4: EC01 | G4: Ecuador | H4: EC
A5: 0104 | B5: NABÓN | C5: =SUBSTITUTE(SUBSTITUTE(SUBSTITUTE(SUBSTITUTE(SUBSTITUTE(SUBSTITUTE(PROPER($B5)," De "," de ")," La "," la ")," Del "," del ")," Los "," los ")," Y "," y "),"En","en") -> Nabón | D5: ="EC"&A5 -> EC0104 | E5: Azuay | F5: EC01 | G5: Ecuador | H5: EC
A6: 0105 | B6: PAUTE | C6: =SUBSTITUTE(SUBSTITUTE(SUBSTITUTE(SUBSTITUTE(SUBSTITUTE(SUBSTITUTE(PROPER($B6)," De "," de ")," La "," la ")," Del "," del ")," Los "," los ")," Y "," y "),"En","en") -> Paute | D6: ="EC"&A6 -> EC0105 | E6: Azuay | F6: EC01 | G6: Ecuador | H6: EC
A7: 0106 | B7: PUCARÁ | C7: =SUBSTITUTE(SUBSTITUTE(SUBSTITUTE(SUBSTITUTE(SUBSTITUTE(SUBSTITUTE(PROPER($B7)," De "," de ")," La "," la ")," Del "," del ")," Los "," los ")," Y "," y "),"En","en") -> Pucará | D7: ="EC"&A7 -> EC0106 | E7: Azuay | F7: EC01 | G7: Ecuador | H7: EC
A8: 0107 | B8: SAN FERNANDO | C8: =SUBSTITUTE(SUBSTITUTE(SUBSTITUTE(SUBSTITUTE(SUBSTITUTE(SUBSTITUTE(PROPER($B8)," De "," de ")," La "," la ")," Del "," del ")," Los "," los ")," Y "," y "),"En","en") -> San Fernando | D8: ="EC"&A8 -> EC0107 | E8: Azuay | F8: EC01 | G8: Ecuador | H8: EC
A9: 0108 | B9: SANTA ISABEL | C9: =SUBSTITUTE(SUBSTITUTE(SUBSTITUTE(SUBSTITUTE(SUBSTITUTE(SUBSTITUTE(PROPER($B9)," De "," de ")," La "," la ")," Del "," del ")," Los "," los ")," Y "," y "),"En","en") -> Santa Isabel | D9: ="EC"&A9 -> EC0108 | E9: Azuay | F9: EC01 | G9: Ecuador | H9: EC
A10: 0109 | B10: SÍGSIG | C10: =SUBSTITUTE(SUBSTITUTE(SUBSTITUTE(SUBSTITUTE(SUBSTITUTE(SUBSTITUTE(PROPER($B10)," De "," de ")," La "," la ")," Del "," del ")," Los "," los ")," Y "," y "),"En","en") -> Sígsig | D10: ="EC"&A10 -> EC0109 | E10: Azuay | F10: EC01 | G10: Ecuador | H10: EC
A11: 0110 | B11: OÑA | C11: =SUBSTITUTE(SUBSTITUTE(SUBSTITUTE(SUBSTITUTE(SUBSTITUTE(SUBSTITUTE(PROPER($B11)," De "," de ")," La "," la ")," Del "," del ")," Los "," los ")," Y "," y "),"En","en") -> Oña | D11: ="EC"&A11 -> EC0110 | E11: Azuay | F11: EC01 | G11: Ecuador | H11: EC
A12: 0111 | B12: CHORDELEG | C12: =SUBSTITUTE(SUBSTITUTE(SUBSTITUTE(SUBSTITUTE(SUBSTITUTE(SUBSTITUTE(PROPER($B12)," De "," de ")," La "," la ")," Del "," del ")," Los "," los ")," Y "," y "),"En","en") -> Chordeleg | D12: ="EC"&A12 -> EC0111 | E12: Azuay | F12: EC01 | G12: Ecuador | H12: EC
A13: 0112 | B13: EL PAN | C13: =SUBSTITUTE(SUBSTITUTE(SUBSTITUTE(SUBSTITUTE(SUBSTITUTE(SUBSTITUTE(PROPER($B13)," De "," de ")," La "," la ")," Del "," del ")," Los "," los ")," Y "," y "),"En","en") -> El Pan | D13: ="EC"&A13 -> EC0112 | E13: Azuay | F13: EC01 | G13: Ecuador | H13: EC
... A224: NO APLICA | B224: ZONA EN ESTUDIO: JUVAL (CAÑAR-CHIMBORAZO) | C224: =SUBSTITUTE(SUBSTITUTE(SUBSTITUTE(SUBSTITUTE(SUBSTITUTE(SUBSTITUTE(PROPER($B224)," De "," de ")," La "," la ")," Del "," del ")," Los "," los ")," Y "," y "),"En","en") -> Zona en Estudio: Juval (Cañar-Chimborazo) | D224: ="EC"&A224 -> ECNO APLICA | E224: No Aplica | F224: ECNO APLICA | G224: Ecuador | H224: EC

Sheet ecu_admgz_adm3
A1: DPA_PARROQ | B1: DPA_DESPAR | C1: ADM3_ES_proper | D1: ADM3_ES | E1: ADM3_PCODE | F1: ADM2_ES | G1: ADM2_PCODE | H1: ADM1_PCODE | I1: ADM1_ES | J1: ADM0_PCODE | K1: ADM0_ES
A2: 010150 | B2: CUENCA | C2: =PROPER(B2) -> Cuenca | D2: =SUBSTITUTE(SUBSTITUTE(SUBSTITUTE(SUBSTITUTE(SUBSTITUTE(SUBSTITUTE(PROPER($C2)," De "," de ")," La "," la ")," Del "," del ")," Los "," los ")," Y "," y "),"En","en") -> Cuenca | E2: ="EC"&A2 -> EC010150 | F2: =_xlfn.XLOOKUP(G2,ecu_admgz_adm2!D:D,ecu_admgz_adm2!C:C) -> Cuenca | G2: =LEFT(E2,6) -> EC0101 | H2: =LEFT(G2,4) -> EC01 | I2: =_xlfn.XLOOKUP(H2,eci_admgz_adm1!D:D,eci_admgz_adm1!C:C) -> Azuay | J2: EC | K2: Ecuador
A3: 010151 | B3: BAÑOS | C3: =PROPER(B3) -> Baños | D3: =SUBSTITUTE(SUBSTITUTE(SUBSTITUTE(SUBSTITUTE(SUBSTITUTE(SUBSTITUTE(PROPER($C3)," De "," de ")," La "," la ")," Del "," del ")," Los "," los ")," Y "," y "),"En","en") -> Baños | E3: ="EC"&A3 -> EC010151 | F3: =_xlfn.XLOOKUP(G3,ecu_admgz_adm2!D:D,ecu_admgz_adm2!C:C) -> Cuenca | G3: =LEFT(E3,6) -> EC0101 | H3: =LEFT(G3,4) -> EC01 | I3: =_xlfn.XLOOKUP(H3,eci_admgz_adm1!D:D,eci_admgz_adm1!C:C) -> Azuay | J3: EC | K3: Ecuador
A4: 010152 | B4: CUMBE | C4: =PROPER(B4) -> Cumbe | D4: =SUBSTITUTE(SUBSTITUTE(SUBSTITUTE(SUBSTITUTE(SUBSTITUTE(SUBSTITUTE(PROPER($C4)," De "," de ")," La "," la ")," Del "," del ")," Los "," los ")," Y "," y "),"En","en") -> Cumbe | E4: ="EC"&A4 -> EC010152 | F4: =_xlfn.XLOOKUP(G4,ecu_admgz_adm2!D:D,ecu_admgz_adm2!C:C) -> Cuenca | G4: =LEFT(E4,6) -> EC0101 | H4: =LEFT(G4,4) -> EC01 | I4: =_xlfn.XLOOKUP(H4,eci_admgz_adm1!D:D,eci_admgz_adm1!C:C) -> Azuay | J4: EC | K4: Ecuador
A5: 010153 | B5: CHAUCHA | C5: =PROPER(B5) -> Chaucha | D5: =SUBSTITUTE(SUBSTITUTE(SUBSTITUTE(SUBSTITUTE(SUBSTITUTE(SUBSTITUTE(PROPER($C5)," De "," de ")," La "," la ")," Del "," del ")," Los "," los ")," Y "," y "),"En","en") -> Chaucha | E5: ="EC"&A5 -> EC010153 | F5: =_xlfn.XLOOKUP(G5,ecu_admgz_adm2!D:D,ecu_admgz_adm2!C:C) -> Cuenca | G5: =LEFT(E5,6) -> EC0101 | H5: =LEFT(G5,4) -> EC01 | I5: =_xlfn.XLOOKUP(H5,eci_admgz_adm1!D:D,eci_admgz_adm1!C:C) -> Azuay | J5: EC | K5: Ecuador
A6: 010154 | B6: CHECA | C6: =PROPER(B6) -> Checa | D6: =SUBSTITUTE(SUBSTITUTE(SUBSTITUTE(SUBSTITUTE(SUBSTITUTE(SUBSTITUTE(PROPER($C6)," De "," de ")," La "," la ")," Del "," del ")," Los "," los ")," Y "," y "),"En","en") -> Checa | E6: ="EC"&A6 -> EC010154 | F6: =_xlfn.XLOOKUP(G6,ecu_admgz_adm2!D:D,ecu_admgz_adm2!C:C) -> Cuenca | G6: =LEFT(E6,6) -> EC0101 | H6: =LEFT(G6,4) -> EC01 | I6: =_xlfn.XLOOKUP(H6,eci_admgz_adm1!D:D,eci_admgz_adm1!C:C) -> Azuay | J6: EC | K6: Ecuador
A7: 010155 | B7: CHIQUINTAD | C7: =PROPER(B7) -> Chiquintad | D7: =SUBSTITUTE(SUBSTITUTE(SUBSTITUTE(SUBSTITUTE(SUBSTITUTE(SUBSTITUTE(PROPER($C7)," De "," de ")," La "," la ")," Del "," del ")," Los "," los ")," Y "," y "),"En","en") -> Chiquintad | E7: ="EC"&A7 -> EC010155 | F7: =_xlfn.XLOOKUP(G7,ecu_admgz_adm2!D:D,ecu_admgz_adm2!C:C) -> Cuenca | G7: =LEFT(E7,6) -> EC0101 | H7: =LEFT(G7,4) -> EC01 | I7: =_xlfn.XLOOKUP(H7,eci_admgz_adm1!D:D,eci_admgz_adm1!C:C) -> Azuay | J7: EC | K7: Ecuador
A8: 010156 | B8: LLACAO | C8: =PROPER(B8) -> Llacao | D8: =SUBSTITUTE(SUBSTITUTE(SUBSTITUTE(SUBSTITUTE(SUBSTITUTE(SUBSTITUTE(PROPER($C8)," De "," de ")," La "," la ")," Del "," del ")," Los "," los ")," Y "," y "),"En","en") -> Llacao | E8: ="EC"&A8 -> EC010156 | F8: =_xlfn.XLOOKUP(G8,ecu_admgz_adm2!D:D,ecu_admgz_adm2!C:C) -> Cuenca | G8: =LEFT(E8,6) -> EC0101 | H8: =LEFT(G8,4) -> EC01 | I8: =_xlfn.XLOOKUP(H8,eci_admgz_adm1!D:D,eci_admgz_adm1!C:C) -> Azuay | J8: EC | K8: Ecuador
A9: 010157 | B9: MOLLETURO | C9: =PROPER(B9) -> Molleturo | D9: =SUBSTITUTE(SUBSTITUTE(SUBSTITUTE(SUBSTITUTE(SUBSTITUTE(SUBSTITUTE(PROPER($C9)," De "," de ")," La "," la ")," Del "," del ")," Los "," los ")," Y "," y "),"En","en") -> Molleturo | E9: ="EC"&A9 -> EC010157 | F9: =_xlfn.XLOOKUP(G9,ecu_admgz_adm2!D:D,ecu_admgz_adm2!C:C) -> Cuenca | G9: =LEFT(E9,6) -> EC0101 | H9: =LEFT(G9,4) -> EC01 | I9: =_xlfn.XLOOKUP(H9,eci_admgz_adm1!D:D,eci_admgz_adm1!C:C) -> Azuay | J9: EC | K9: Ecuador
A10: 010158 | B10: NULTI | C10: =PROPER(B10) -> Nulti | D10: =SUBSTITUTE(SUBSTITUTE(SUBSTITUTE(SUBSTITUTE(SUBSTITUTE(SUBSTITUTE(PROPER($C10)," De "," de ")," La "," la ")," Del "," del ")," Los "," los ")," Y "," y "),"En","en") -> Nulti | E10: ="EC"&A10 -> EC010158 | F10: =_xlfn.XLOOKUP(G10,ecu_admgz_adm2!D:D,ecu_admgz_adm2!C:C) -> Cuenca | G10: =LEFT(E10,6) -> EC0101 | H10: =LEFT(G10,4) -> EC01 | I10: =_xlfn.XLOOKUP(H10,eci_admgz_adm1!D:D,eci_admgz_adm1!C:C) -> Azuay | J10: EC | K10: Ecuador
A11: 010159 | B11: OCTAVIO CORDERO PALACIOS | C11: =PROPER(B11) -> Octavio Cordero Palacios | D11: =SUBSTITUTE(SUBSTITUTE(SUBSTITUTE(SUBSTITUTE(SUBSTITUTE(SUBSTITUTE(PROPER($C11)," De "," de ")," La "," la ")," Del "," del ")," Los "," los ")," Y "," y "),"En","en") -> Octavio Cordero Palacios | E11: ="EC"&A11 -> EC010159 | F11: =_xlfn.XLOOKUP(G11,ecu_admgz_adm2!D:D,ecu_admgz_adm2!C:C) -> Cuenca | G11: =LEFT(E11,6) -> EC0101 | H11: =LEFT(G11,4) -> EC01 | I11: =_xlfn.XLOOKUP(H11,eci_admgz_adm1!D:D,eci_admgz_adm1!C:C) -> Azuay | J11: EC | K11: Ecuador
A12: 010160 | B12: PACCHA | C12: =PROPER(B12) -> Paccha | D12: =SUBSTITUTE(SUBSTITUTE(SUBSTITUTE(SUBSTITUTE(SUBSTITUTE(SUBSTITUTE(PROPER($C12)," De "," de ")," La "," la ")," Del "," del ")," Los "," los ")," Y "," y "),"En","en") -> Paccha | E12: ="EC"&A12 -> EC010160 | F12: =_xlfn.XLOOKUP(G12,ecu_admgz_adm2!D:D,ecu_admgz_adm2!C:C) -> Cuenca | G12: =LEFT(E12,6) -> EC0101 | H12: =LEFT(G12,4) -> EC01 | I12: =_xlfn.XLOOKUP(H12,eci_admgz_adm1!D:D,eci_admgz_adm1!C:C) -> Azuay | J12: EC | K12: Ecuador
A13: 010161 | B13: QUINGEO | C13: =PROPER(B13) -> Quingeo | D13: =SUBSTITUTE(SUBSTITUTE(SUBSTITUTE(SUBSTITUTE(SUBSTITUTE(SUBSTITUTE(PROPER($C13)," De "," de ")," La "," la ")," Del "," del ")," Los "," los ")," Y "," y "),"En","en") -> Quingeo | E13: ="EC"&A13 -> EC010161 | F13: =_xlfn.XLOOKUP(G13,ecu_admgz_adm2!D:D,ecu_admgz_adm2!C:C) -> Cuenca | G13: =LEFT(E13,6) -> EC0101 | H13: =LEFT(G13,4) -> EC01 | I13: =_xlfn.XLOOKUP(H13,eci_admgz_adm1!D:D,eci_admgz_adm1!C:C) -> Azuay | J13: EC | K13: Ecuador
... A1045: NO APLICA | B1045: ZONA EN ESTUDIO: JUVAL (CAÑAR-CHIMBORAZO) | C1045: =PROPER(B1045) -> Zona En Estudio: Juval (Cañar-Chimborazo) | D1045: =SUBSTITUTE(SUBSTITUTE(SUBSTITUTE(SUBSTITUTE(SUBSTITUTE(SUBSTITUTE(PROPER($C1045)," De "," de ")," La "," la ")," Del "," del ")," Los "," los ")," Y "," y "),"En","en") -> Zona en Estudio: Juval (Cañar-Chimborazo) | E1045: ="EC"&A1045 -> ECNO APLICA | F1045: =_xlfn.XLOOKUP(G1045,ecu_admgz_adm2!D:D,ecu_admgz_adm2!C:C) -> #N/A | G1045: =LEFT(E1045,6) -> ECNO A | H1045: =LEFT(G1045,4) -> ECNO | I1045: =_xlfn.XLOOKUP(H1045,eci_admgz_adm1!D:D,eci_admgz_adm1!C:C) -> #N/A | J1045: EC | K1045: Ecuador
